accuracy,GFAR,SDR,F1,precision,recall,score,elapsed,RTF,speech_threshold,min_speech_frame,min_silence_frame
85.42678030402601,14.516028342229298,85.41564302972895,90.75067016914473,96.79654385392892,85.41564302972895,45.44297448094565,48.023066997528076,0.0040784625872326485,0.5,50,40
83.97363875564209,11.113712270187595,83.01696409123835,89.66024325235134,97.4592387587698,83.01696409123835,45.36469354666797,47.83636283874512,0.004062606333684406,0.35,40,25
84.38404927639706,12.27486968193027,83.73341708160899,89.97605051164817,97.2244931568082,83.73341708160899,45.33010237619329,47.99979615211487,0.004076486260472929,0.4,50,30
83.63827230738052,10.751630926740956,82.54577873232802,89.4129046736192,97.52628479503606,82.54577873232802,45.22681486870042,47.854347467422485,0.004064133717081424,0.4,40,25
83.28289410645404,9.871398695258607,81.94978142713141,89.13780583082733,97.70802607595945,81.94978142713141,45.221309378175405,47.53900361061096,0.004037352459603937,0.3,40,20
85.01111245841838,14.27255985267035,84.87161693268564,90.45687060506675,96.82902021521285,84.87161693268564,45.21394621854324,47.850813150405884,0.004063833557582565,0.55,50,40
83.59443300175442,10.993018489038715,82.54040938723615,89.38693114495108,97.47199042919097,82.54040938723615,45.1270382367262,47.37716031074524,0.004023607568143118,0.25,30,20
83.95252466066935,11.96116989730624,83.15676968042266,89.66363628915754,97.27524827569862,83.15676968042266,45.10959384933109,47.39968156814575,0.004025520234523425,0.45,50,30
83.28730347568529,10.287063915680827,82.03599487379506,89.15053417768344,97.61626638410009,82.03599487379506,45.10677135800471,47.79695749282837,0.004059259749654971,0.3,30,20
82.9151357534552,9.486427151938905,81.43543869069026,88.86315560230538,97.78182446306405,81.43543869069026,45.066692353638594,47.935983657836914,0.00407106684670404,0.35,40,20
83.26585019846401,10.465503428327663,82.04511262961142,89.13919596358288,97.57618329293037,82.04511262961142,45.04086620643579,47.84760141372681,0.004063560793914923,0.45,40,25
82.93955687535137,9.76371070949215,81.51861288541514,88.88739146020102,97.72074236179085,81.51861288541514,45.00568344745222,47.41778755187988,0.004027057924260495,0.35,30,20
82.66380170727385,9.299143698432022,81.0986895758724,88.6762637823994,97.81582818907413,81.0986895758724,44.93955626615063,47.859215259552,0.004064547124831572,0.4,30,20
84.51471923765398,14.02596997221962,84.23053739039698,90.10448811768039,96.85911266233917,84.23053739039698,44.92793444535033,47.918416023254395,0.004069574877430302,0.6,50,40
82.58273714986852,9.180010612729033,80.97863912429021,88.61439675753398,97.84007814202165,80.97863912429021,44.91517922948251,47.77324819564819,0.004057246186432865,0.4,40,20
82.61216120993092,9.331398070980429,81.04327388218846,88.6394812597092,97.8069526582003,81.04327388218846,44.8934051009209,48.20795679092407,0.00409416475188543,0.25,30,15
82.9151357534552,10.18613894351323,81.57169848594599,88.87969017251457,97.62598179838548,81.57169848594599,44.868563514162304,47.56888937950134,0.004039890573013402,0.5,40,25
82.25915728474435,8.650414624756792,80.48891432855326,88.36513260153029,97.95000012328602,80.48891432855326,44.833182747229245,47.673540353775024,0.0040487782828157485,0.3,30,15
83.44035946534703,11.700533757842495,82.49411144936859,89.29256199615871,97.31219033005169,82.49411144936859,44.816253366484155,48.053677797317505,0.004081062275455662,0.5,50,30
82.85611804220613,10.424405114919209,81.5475870872316,88.84263109476638,97.57109852093743,81.5475870872316,44.75879020637127,47.57587814331055,0.004040484108860005,0.45,50,25
82.23592330071814,8.901166359729896,80.50998647532887,88.35436381293648,97.89236916921652,80.50998647532887,44.74552534130537,47.87921500205994,0.004066245646118793,0.45,40,20
81.89343402523686,8.137466054874052,79.95208112776508,88.08363310456595,98.05650088154496,79.95208112776508,44.716262254709434,47.6486713886261,0.004046666232289106,0.35,30,15
84.0579255444087,13.707067869442625,83.62268700263908,89.7759481417835,96.90669484312173,83.62268700263908,44.690785053806394,47.88844680786133,0.004067029677146538,0.65,50,40
82.87714734161673,10.817700367283662,81.64930071878308,88.867130106675,97.48482597956799,81.64930071878308,44.66250028435638,47.6725378036499,0.004048693139083105,0.2,30,15
84.76757960395385,15.750018208113536,84.86837506395094,90.31649796801545,96.51208873753166,84.86837506395094,44.621017755125145,47.99529981613159,0.004076104399437515,0.65,60,50
82.99687867535765,11.44978202286939,81.91543788022308,88.96834352129018,97.35017770628859,81.91543788022308,44.56934991898609,47.64372158050537,0.004046245859153933,0.55,50,30
83.99780549085183,14.01608556772898,83.61103653687373,89.74006422959552,96.83873586982284,83.61103653687373,44.560187695032646,48.04451251029968,0.0040802838936791425,0.55,60,40
82.32656975664521,10.115907648448148,80.85484026198351,88.4506349202831,97.62155510787707,80.85484026198351,44.46654109781085,47.82927966117859,0.00406200477954574,0.5,50,25
82.09406032525882,9.93278604946364,80.54139207869636,88.27630621977693,97.6547251275941,80.54139207869636,44.35172082743236,47.475476026535034,0.004031957242448724,0.3,20,15
82.51032173980143,11.196429128819801,81.28479310292427,88.61060754065393,97.38770100209742,81.28479310292427,44.29230421022664,47.88588070869446,0.004066811745637754,0.6,50,30
83.42747053990183,13.741923401067515,82.87624672647239,89.32925447665076,96.87201737412875,82.87624672647239,44.22897867545643,47.92324662208557,0.004069985126459334,0.6,60,40
84.04944598819476,15.49094276409568,83.95994265944675,89.80796676235278,96.53164176566305,83.95994265944675,44.17958849002978,48.714608669281006,0.004137193255890313,0.7,60,50
82.25703739569086,11.76504250293931,81.09291499718869,88.44055429476795,97.25236340485814,81.09291499718869,43.949731997137484,47.357067823410034,0.00402190117030132,0.25,20,15
82.84153320551816,13.410015502908095,82.11157093867297,88.90238036869034,96.91768864314686,82.11157093867297,43.902936362040535,47.93366813659668,0.004070870196066364,0.65,60,40
81.23389414291614,9.807410181977088,79.4893043658854,87.64020721962466,97.65370345709098,79.4893043658854,43.77061854674041,47.4143967628479,0.00402676995418543,0.25,20,10
82.14052829331125,13.126489163571286,81.21884133585253,88.38940781117697,96.94871760763594,81.21884133585253,43.48070913608301,48.43559432029724,0.0041134973602556186,0.7,60,40
82.39703486878311,14.21897597569477,81.73804687539572,88.60156343943497,96.72339466478692,81.73804687539572,43.35523773495953,47.50379419326782,0.00403436222386244,0.2,20,15
81.43316371394387,12.077181592117448,80.16938764138854,87.84662862725074,97.14997759512863,80.16938764138854,43.270759947986136,47.5362069606781,0.004037114948073876,0.2,20,10
82.17834711402544,14.706953418443259,81.57179979434396,88.45550051688018,96.6080870786955,81.57179979434396,43.06029850922907,47.9921350479126,0.0040758356246676924,0.8,60,50
81.46318134294124,15.838457616714008,80.93771053151451,87.9652333612632,96.32913697039557,80.93771053151451,42.227243272223106,48.290452003479004,0.004101170835816896,0.15,20,10
82.34887098948789,18.234125126156215,82.46240192080722,88.662927963427,95.87173036333483,82.46240192080722,42.18379110202184,47.410893201828,0.004026472406705956,0.15,20,15
80.91345171359112,15.623081645181092,80.23898651078682,87.55825271965787,96.34685143870627,80.23898651078682,41.89415924839965,47.293498039245605,0.004016502369212535,0.2,10,10
79.98553387709902,17.047476355463996,79.4077511055279,86.91383596610477,95.9870975800615,79.4077511055279,40.825660121131136,47.442009687423706,0.004029115041387217,0.15,10,5
80.79236365085598,20.12412731112984,80.97083837764731,87.5882388073768,95.38352662620207,80.97083837764731,40.532852102136445,47.87429642677307,0.004065827925499428,0.15,10,10
81.19683848226119,22.23262685852816,81.8646823728453,87.93472967715783,94.97702189678071,81.8646823728453,40.22575868029591,47.49321246147156,0.004033463547456758,0.1,20,10
79.51992144539123,24.74690722185806,80.35083098213427,86.7860278971542,94.34173902700131,80.35083098213427,38.31173570053734,56.41146922111511,0.004790865746267033,0.1,10,5
80.19794676025836,28.407258274287024,81.87369882026371,87.37591581601349,93.67095209836248,81.87369882026371,37.76131598244341,47.311604738235474,0.004018040119694241,0.1,10,10
